,maxpool,lr,accuracy
0,0.0,0.022887913457231165,0.8128
1,1.0,0.0333524295298484,0.8151
2,10.0,0.022563523328169206,0.8138
