,maxpool,lr,accuracy
0,0.0,0.02364157723062386,0.7398
1,0.5,0.017346189130898554,0.7112
2,1.0,0.03484620985601648,0.7375
3,10.0,0.0033308937753917587,0.3935
