,maxpool,lr,accuracy
0,0.0,0.02029351571401659,0.7025
1,1.0,0.02141830140209397,0.701
2,10.0,0.03671574731504634,0.7126
