,maxpool,lr,accuracy
0,0.0,1.0530991920856958e-05,0.098
1,1.0,0.05100912176434519,0.098
2,10.0,0.014154632156301842,0.098
