,maxpool,lr,accuracy
0,0.0,0.0006772933388454708,0.7528
1,1.0,0.0003943184543203986,0.751
2,10.0,0.0005420674937342842,0.7255
