,maxpool,lr,accuracy
0,0.0,0.027012798098551682,0.9892
1,1.0,0.03907662620846654,0.9903
2,10.0,0.013268762190377046,0.9897
3,100.0,0.013222872197289435,0.9884
