,maxpool,lr,accuracy
0,0.0,0.01032704665792795,0.7268
1,1.0,0.025397662008046634,0.7243
2,10.0,0.012264938181133242,0.7116
