,maxpool,lr,accuracy
0,0.0,0.018835217952102235,0.7585
1,1.0,0.015890665282578115,0.771
2,10.0,0.03447637269440501,0.7666
