,maxpool,lr,accuracy
0,0.0,0.015014410819132358,0.6226
1,1.0,0.015033419220391192,0.6087
2,10.0,0.07967710898388572,0.6418
