,maxpool,lr,accuracy
0,0.0,0.0006666364920215149,0.8039
1,1.0,0.00014902104708193348,0.7928
2,10.0,0.002121412413721758,0.7952
