,maxpool,lr,accuracy
0,0.0,0.020987605280996222,0.7654
1,1.0,0.010603540807074669,0.76
2,10.0,0.019709240343618997,0.777
