,maxpool,lr,accuracy
0,0.0,0.017630246652540104,0.1
1,1.0,6.180297402905707e-05,0.1
2,10.0,0.018994334172674175,0.1
