,maxpool,lr,accuracy
0,0.0,0.00047140716042904924,0.1
1,1.0,0.0033700323284397518,0.1
2,10.0,0.0004396877949724558,0.1
