,maxpool,lr,accuracy
0,0.0,0.05076275329395957,0.9888
1,1.0,0.08486627057005311,0.9864
2,10.0,0.032207596766523836,0.9854
3,100.0,0.06063702563245488,0.9854
