,maxpool,lr,accuracy
0,0.0,0.02812954946521846,0.6312
1,0.5,0.026468289711343254,0.6308
2,1.0,0.059734421697168874,0.6449
3,10.0,0.04379470974746451,0.6543
