,maxpool,lr,accuracy
0,0.0,0.010612638001383533,0.8513
1,1.0,0.016331758497139262,0.8485
2,10.0,0.014894158827375405,0.8451
