,maxpool,lr,accuracy
0,0.0,0.014083932572687769,0.9878
1,1.0,0.03011673682733661,0.9889
2,10.0,0.0382927586526174,0.9883
